,users,Age,date
0,bukiboy,40,2018-07-29
1,luvuinxs,40,2018-07-29
2,osifred,29,2018-07-29
3,eedrees,28,2018-07-29
4,jimwest,35,2018-07-29
5,DerrickM,35,2018-07-29
6,shady45,29,2018-07-29
7,Ugik,40,2018-07-29
8,femtopyy,40,2018-07-29
9,miracle4,31,2018-07-29
10,Martini101,31,2018-07-29
11,Kingsron,34,2018-07-29
12,wckabuoh,34,2018-07-29
13,carluva,25,2018-07-29
14,henryhco,27,2018-07-29
15,Sundahjoe,28,2018-07-29
16,Mosunbabe,23,2018-07-29
17,dasparrow,30,2018-07-29
18,royalharry,30,2018-07-29
19,Lucid1,24,2018-07-29
20,Badirukehinde,24,2018-07-29
21,WHIZKIDEFE,24,2018-07-29
22,ShobayoEmma,31,2018-07-29
23,Tundetiler2011,33,2018-07-29
24,Ijawboy,37,2018-07-29
25,psalmz,24,2018-07-29
26,Fortune1909,24,2018-07-29
27,ajayi147,34,2018-07-29
28,Ayoswit,33,2018-07-29
29,maberry,33,2018-07-29
30,Nexusz,26,2018-07-29
31,cryles,28,2018-07-29
32,davidodiba,34,2018-07-29
33,gajasalot,24,2018-07-29
34,Ajiswaggs,24,2018-07-29
35,mcdreeezy,24,2018-07-29
36,roaringlamb01,31,2018-07-29
37,Dimejimichael,25,2018-07-29
38,ProfEinstein,36,2018-07-29
39,amarudeen,19,2018-07-29
40,cheeketo,19,2018-07-29
41,LAVIKTA,28,2018-07-29
42,Chibueze291994,26,2018-07-29
43,hamzatabu,26,2018-07-29
44,Momcherry,39,2018-07-29
45,ifypoly,28,2018-07-29
46,bassey25,28,2018-07-29
47,jbc2u,27,2018-07-29
48,cremeflora,24,2018-07-29
49,PweetyHitee,26,2018-07-29
50,joywonderment,25,2018-07-29
51,Jay20,25,2018-07-29
52,Davexx,33,2018-07-29
53,Marley40,33,2018-07-29
54,victor048,24,2018-07-29
55,gentlejin,28,2018-07-29
56,julietdammy,28,2018-07-29
57,freezycharly,25,2018-07-29
58,annayawchee,28,2018-07-29
59,krinsmal,28,2018-07-29
60,iomoge2,22,2018-07-29
61,joff2,22,2018-07-29
62,SHAMHOOD,24,2018-07-29
63,D34lw4p,22,2018-07-29
64,lilEmir3,18,2018-07-29
65,thumpsupautos,39,2018-07-29
66,mrstheo,28,2018-07-29
67,jamesy212,28,2018-07-29
68,DIAMOND1G39,27,2018-07-29
69,nickyzeb,29,2018-07-29
70,Bronz,23,2018-07-29
71,massalati,23,2018-07-29
72,EniHolar,28,2018-07-29
73,Boycool1,22,2018-07-29
74,Bamibello,24,2018-07-29
75,SAMAYODELE,28,2018-07-29
76,Elano25,28,2018-07-29
77,elikzeey,18,2018-07-29
78,Leo29,31,2018-07-29
79,chicagoPD,31,2018-07-29
80,jfizle247,25,2018-07-29
81,Ikuejawa,25,2018-07-29
82,VoltageDivida,28,2018-07-29
83,xtabel177,26,2018-07-29
84,madegreatbygrace,44,2018-07-29
85,NaeChris,28,2018-07-29
86,Yankiss,23,2018-07-29
87,richardo89,23,2018-07-29
88,ugoobest1,30,2018-07-29
89,ola2033,29,2018-07-29
90,lollybabe9498,29,2018-07-29
91,HerCuteness,38,2018-07-29
92,Hajji76,38,2018-07-29
93,msttolusola,29,2018-07-29
94,bigplayerz,32,2018-07-29
95,Deoboss,45,2018-07-29
96,ennyjay72,19,2018-07-29
97,tomgab,30,2018-07-29
98,fmferarybl,24,2018-07-29
99,Royalayeesha29,24,2018-07-29
100,frenzynero,22,2018-07-29
101,FloraEC,17,2018-07-29
102,saheedinho,17,2018-07-29
103,Crawlerkid,25,2018-07-29
104,Itopson1,29,2018-07-29
105,Izabel,19,2018-07-29
106,GhostTM,19,2018-07-29
107,UncleBharmi,29,2018-07-29
108,horpeakins,29,2018-07-29
109,Rexchinwedan,24,2018-07-29
110,badpitch,30,2018-07-29
111,samkelvin4,30,2018-07-29
112,Aydgr8don,58,2018-07-29
113,Bukax14,30,2018-07-29
114,Alexona,24,2018-07-29
115,Callistus80,30,2018-07-29
116,Babadgreat,66,2018-07-29
117,bigbills22,22,2018-07-29
